title,body,author,created_at,updated_at,is_active
new,new,28,2024-03-07 09:25:07.818019+00:00,2024-03-07 09:25:07.818035+00:00,True
Welcome,Bangladesh,28,2024-03-14 08:08:33.182592+00:00,2024-03-14 08:08:33.182773+00:00,True
Welcome,Bangladesh,28,2024-03-14 08:08:34.352085+00:00,2024-03-14 08:08:34.352098+00:00,True
Welcome,Bangladesh,28,2024-03-14 09:10:17.230889+00:00,2024-03-14 09:10:17.230959+00:00,True
Welcome,Bangladesh,28,2024-03-14 09:10:31.887643+00:00,2024-03-14 09:10:31.887654+00:00,True
Hello,Bangladesh,78,2024-03-20 08:33:31.247965+00:00,2024-03-20 08:33:49.137595+00:00,True
Welcome,Bangladesh,780,2024-03-20 09:33:03.819613+00:00,2024-03-20 09:33:03.819632+00:00,True
Welcome,Bangladesh,78,2024-03-24 06:24:51.805888+00:00,2024-03-24 06:24:51.805900+00:00,True
Hello world,Bangladesh,87,2024-03-27 08:47:36.396665+00:00,2024-03-28 05:39:33.540737+00:00,False
Helloo worldd,Bangladesh,87,2024-03-28 05:43:29.078876+00:00,2024-03-28 06:00:13.723442+00:00,False
Welcome,Bangladesh,87,2024-03-28 05:43:40.547473+00:00,2024-03-28 05:43:40.547503+00:00,True
new,new,87,2024-03-31 06:44:27.025660+00:00,2024-03-31 06:44:27.025672+00:00,True
Welcome,Bangladesh,102,2024-04-16 05:13:25.905312+00:00,2024-04-16 05:13:25.905325+00:00,True
Welcome,Bangladesh,102,2024-04-16 05:15:36.451677+00:00,2024-04-16 05:15:36.451692+00:00,True
Welcome,Bangladesh,102,2024-04-16 05:16:59.509317+00:00,2024-04-16 05:16:59.509334+00:00,True
Welcome,Bangladesh,102,2024-04-16 05:25:09.940356+00:00,2024-04-16 05:25:09.940375+00:00,True
Welcome,Bangladesh,102,2024-04-16 05:26:54.655265+00:00,2024-04-16 05:26:54.655281+00:00,True
Welcome,Bangladesh,102,2024-04-16 05:27:39.211046+00:00,2024-04-16 05:27:39.211058+00:00,True
Welcome,Bangladeshsdf,102,2024-04-16 05:27:49.503988+00:00,2024-04-16 05:27:49.504001+00:00,True
32432,Bangladesh,102,2024-04-16 05:28:15.871477+00:00,2024-04-16 05:28:15.871489+00:00,True
Welcome,23,102,2024-04-16 05:28:45.022250+00:00,2024-04-16 05:28:45.022264+00:00,True
Welcome,Bangladesh,102,2024-04-16 05:29:45.424848+00:00,2024-04-16 05:29:45.424865+00:00,True
Welcome,Bangladesh,102,2024-04-16 05:30:34.300656+00:00,2024-04-16 05:30:34.300669+00:00,True
exernal,exernal,78,2024-04-30 07:28:48.783804+00:00,2024-04-30 07:28:48.783820+00:00,False
